779454-1001-0050.jpg,357,217,549,353,640,1200,800
779454-1002-0022.jpg,4,329,498,552,646,800,1200
779454-1002-0023.jpg,4,307,598,565,770,800,1200
779454-1002-0035.jpg,1018,115,248,235,328,800,1200
779454-1002-0039.jpg,1,251,500,464,642,800,1200
779454-1002-0040.jpg,1,290,536,545,706,800,1200
779454-1003-0013.jpg,634,130,502,226,566,1200,800
779454-1003-0014.jpg,625,792,391,933,485,1200,800
779454-1003-0021.jpg,131,463,431,557,494,1200,800
779454-1003-0036.jpg,469,445,635,633,760,1200,800
779454-1003-0041.jpg,436,219,582,294,632,1200,800
779454-1004-0020.jpg,418,723,635,803,688,1200,800
779454-1004-0026.jpg,75,558,569,638,622,1200,800
779454-1004-0026.jpg,174,384,579,455,626,1200,800
779454-1004-0034.jpg,171,691,624,771,677,1200,800
779454-1005-0006.jpg,44,430,433,526,497,1200,800
779454-1005-0007.jpg,44,503,455,630,540,1200,800
779454-1005-0008.jpg,44,603,453,732,539,1200,800
779454-1005-0009.jpg,44,903,491,1155,659,1200,800
779454-1005-0028.jpg,351,914,649,1050,740,1200,800
779454-1005-0036.jpg,414,769,604,898,690,1200,800
779454-1005-0041.jpg,368,875,609,997,691,1200,800
779454-1005-0042.jpg,413,841,544,919,596,1200,800
779454-1005-0045.jpg,366,667,538,749,593,1200,800
779454-1006-0005.jpg,331,891,551,966,601,1200,800
779454-1006-0014.jpg,246,613,654,724,728,1200,800
779454-1006-0028.jpg,1032,675,513,771,577,1200,800
779454-1007-0001.jpg,745,808,486,890,541,1200,800
779454-1007-0007.jpg,749,291,543,423,631,1200,800
779454-1007-0026.jpg,700,564,472,712,571,1200,800
779454-1007-0028.jpg,846,1070,551,1145,601,1200,800
779454-1007-0035.jpg,2,342,257,443,324,1200,800
779454-1007-0036.jpg,2,319,259,434,336,1200,800
779454-1007-0037.jpg,2,366,273,477,347,1200,800
779454-1007-0040.jpg,2,268,358,456,483,800,1200
779454-1007-0041.jpg,2,5,345,195,472,800,1200
779454-1007-0045.jpg,2,1045,350,1198,452,1200,800
779454-1007-0046.jpg,3,388,370,463,420,1200,800
779454-1007-0046.jpg,2,552,350,623,397,1200,800
779454-1007-0046.jpg,32,803,372,864,413,1200,800
779454-1007-0047.jpg,4,200,543,249,576,1200,800
779454-1007-0047.jpg,3,336,529,388,564,1200,800
779454-1007-0047.jpg,2,484,510,543,549,1200,800
779454-1007-0047.jpg,33,609,541,661,576,1200,800
779454-1007-0047.jpg,32,703,541,757,577,1200,800
779454-1007-0047.jpg,34,877,551,931,587,1200,800
779454-1008-0034.jpg,1,514,435,578,477,1200,800
779454-1008-0035.jpg,1,575,497,641,541,1200,800
779454-1008-0035.jpg,21,786,486,852,530,1200,800
779454-1008-0036.jpg,1,692,508,788,572,1200,800
779457-1001-0015.jpg,614,711,541,843,629,1200,800
779457-1001-0016.jpg,612,845,535,1007,643,1200,800
779457-1001-0020.jpg,205,366,532,528,640,1200,800
779457-1001-0030.jpg,536,500,802,641,896,800,1200
779457-1001-0041.jpg,744,467,496,695,648,1200,800
779457-1002-0007.jpg,675,469,544,612,639,800,1200
779457-1003-0006.jpg,646,391,755,686,952,800,1200
779457-1003-0009.jpg,595,467,870,727,1043,800,1200
779457-1003-0010.jpg,619,524,716,798,899,800,1200
779457-1004-0012.jpg,461,411,797,638,949,800,1200
779457-1004-0020.jpg,1011,369,719,566,850,800,1200
779457-1004-0045.jpg,818,207,689,390,811,800,1200
779457-1004-0046.jpg,818,216,638,425,777,800,1200
779457-1005-0047.jpg,795,435,639,578,734,800,1200
779457-1006-0030.jpg,857,525,616,661,707,800,1200
779457-1007-0024.jpg,124,585,538,761,655,800,1200
779457-1007-0047.jpg,55,342,438,398,476,1200,800
779457-1007-0047.jpg,54,425,417,481,455,1200,800
779457-1007-0048.jpg,55,331,430,395,472,1200,800
779457-1007-0048.jpg,54,427,428,483,466,1200,800
779457-1009-0048.jpg,844,416,717,615,850,800,1200
779457-1010-0012.jpg,299,502,702,769,880,800,1200
779457-1010-0024.jpg,461,20,716,154,805,800,1200
779457-1010-0047.jpg,245,336,775,549,917,800,1200
779457-1012-0032.jpg,714,243,692,370,776,800,1200
779457-1012-0037.jpg,698,400,377,625,527,800,1200
779457-1012-0039.jpg,710,389,639,649,812,800,1200
779457-1012-0041.jpg,719,130,438,257,522,800,1200
779457-1012-0050.jpg,46,314,664,675,905,800,1200
779457-1013-0008.jpg,706,334,547,578,710,800,1200
779457-1013-0010.jpg,722,264,713,576,921,800,1200
779457-1013-0012.jpg,2,455,516,568,591,800,1200
779457-1013-0015.jpg,3,585,364,672,422,800,1200
779457-1013-0016.jpg,3,518,372,631,447,800,1200
779457-1013-0029.jpg,104,489,420,599,493,800,1200
779457-1013-0030.jpg,1849,411,456,615,592,800,1200
779457-1013-0031.jpg,1849,405,539,710,742,800,1200
779457-1013-0032.jpg,1009,450,538,640,665,800,1200
779457-1013-0033.jpg,1009,453,653,716,828,800,1200
779457-1013-0034.jpg,1009,365,886,742,1138,800,1200
779457-1013-0038.jpg,1,414,439,538,522,800,1200
779457-1014-0042.jpg,348,449,742,622,858,800,1200
779457-1015-0042.jpg,1,155,507,390,664,1200,800
779460-1002-0012.jpg,520,376,945,643,1123,800,1200
779460-1002-0024.jpg,511,447,756,684,914,800,1200
779460-1002-0041.jpg,605,155,661,345,788,800,1200
779460-1003-0021.jpg,532,897,403,1026,489,1200,800
779460-1003-0021.jpg,479,177,427,295,505,1200,800
779460-1003-0022.jpg,532,894,431,1023,517,1200,800
779460-1003-0022.jpg,479,188,452,287,518,1200,800
779460-1003-0041.jpg,121,275,781,561,972,800,1200
779460-1003-0041.jpg,146,111,473,289,592,800,1200
779460-1003-0045.jpg,43,118,448,228,521,800,1200
779460-1004-0009.jpg,205,413,778,615,912,800,1200
779460-1004-0010.jpg,206,365,750,592,902,800,1200
779460-1004-0025.jpg,147,100,716,529,1002,800,1200
779460-1004-0030.jpg,169,634,669,763,755,800,1200
779460-1004-0048.jpg,136,413,759,608,889,800,1200
779460-1004-0048.jpg,135,329,697,531,831,800,1200
779460-1005-0005.jpg,72,210,661,423,803,800,1200
779460-1005-0006.jpg,130,157,531,387,684,800,1200
779460-1005-0017.jpg,189,439,431,623,553,1200,800
779460-1005-0024.jpg,196,378,856,671,1051,800,1200
779460-1005-0049.jpg,137,122,953,485,1195,800,1200
779460-1005-0050.jpg,385,136,922,511,1172,800,1200
779460-1006-0042.jpg,299,499,902,750,1069,800,1200
779460-1007-0010.jpg,673,889,560,1070,681,1200,800
779460-1007-0018.jpg,247,387,652,553,763,800,1200
779460-1007-0029.jpg,758,157,744,403,908,800,1200
779460-1007-0031.jpg,74,405,546,610,682,1200,800
779460-1007-0034.jpg,133,809,576,1011,711,1200,800
779460-1008-0002.jpg,737,411,644,617,782,800,1200
779460-1008-0010.jpg,705,125,834,516,1095,800,1200
779460-1008-0013.jpg,846,448,384,749,585,1200,800
779460-1008-0014.jpg,846,213,533,522,739,800,1200
779460-1008-0017.jpg,268,331,814,544,956,800,1200
779460-1008-0027.jpg,2,259,578,456,709,800,1200
779460-1008-0038.jpg,311,678,558,869,685,1200,800
779460-1008-0039.jpg,1,317,652,563,816,800,1200
779460-1008-0041.jpg,7,82,633,274,761,800,1200
779460-1008-0041.jpg,23,405,666,639,822,800,1200
779460-1008-0042.jpg,7,205,798,493,990,800,1200
779460-1008-0043.jpg,7,489,521,717,673,1200,800
779460-1008-0050.jpg,1,797,464,997,597,1200,800
779460-1009-0005.jpg,25,300,642,506,780,800,1200
779460-1009-0016.jpg,348,670,596,896,747,1200,800
779460-1009-0016.jpg,640,348,530,550,665,1200,800
779460-1009-0049.jpg,247,210,652,454,815,800,1200
779460-1010-0008.jpg,248,470,496,658,621,1200,800
779460-1010-0012.jpg,12,681,452,919,610,1200,800
779460-1011-0005.jpg,776,902,249,1024,331,1200,800
779460-1011-0006.jpg,776,959,290,1105,387,1200,800
779460-1011-0017.jpg,746,372,447,572,580,1200,800
779460-1011-0017.jpg,708,731,579,966,736,1200,800
779460-1011-0021.jpg,293,809,380,1002,509,1200,800
779460-1011-0026.jpg,423,301,820,512,961,800,1200
779460-1011-0039.jpg,718,395,580,648,749,800,1200
779460-1011-0040.jpg,718,430,622,697,800,800,1200
779460-1011-0050.jpg,642,623,387,715,448,1200,800
779460-1011-0050.jpg,216,519,345,604,401,1200,800
779460-1012-0001.jpg,216,531,351,613,406,1200,800
779462-1001-0032.jpg,606,336,611,542,749,800,1200
779462-1001-0035.jpg,672,265,489,460,619,800,1200
779462-1004-0002.jpg,454,105,641,260,744,800,1200